<manifest><control namespace="DR" constructor="Sparkline" version="1.0.6" display-name-key="Sparkline" description-key="Sparkline control based on react-sparklines" control-type="standard" preview-image="img/sparkline-preview.png" api-version="1.2.1"><property name="values" display-name-key="Values" description-key="Bind this property to the field where the values of the sparkline are stored" of-type="SingleLine.Text" usage="bound" required="true" default-value="5,10,60,30,35,50,75,50,85,100" /><property name="separator" display-name-key="Separator" description-key="separator between the values" of-type="SingleLine.Text" usage="input" required="true" default-value="," /><property name="color" display-name-key="Color" description-key="main color of the sparkline" of-type="SingleLine.Text" usage="input" required="true" default-value="blue" /><property name="height" display-name-key="Height" description-key="Height of the sparkline" of-type="Whole.None" usage="input" required="true" default-value="100" /><property name="width" display-name-key="Width" description-key="Width of the sparkline (max 250)" of-type="Whole.None" usage="input" required="true" default-value="250" /><property name="sparktype" display-name-key="SparkType" description-key="Type of the sparkline" of-type="Enum" usage="input" required="true"><value name="line" display-name-key="Line" description-key="Regular sparkline" default="true">Line</value><value name="rounded" display-name-key="Rounded" description-key="Rounded sparkline">Rounded</value><value name="bar" display-name-key="Bar" description-key="Bars sparkline">Bars</value></property><property name="fill" display-name-key="Fill" description-key="Fill under the sparkline" of-type="Enum" usage="input" required="true" default-value="true"><value name="true" display-name-key="true" description-key="true" default="true">true</value><value name="false" display-name-key="false" description-key="talse">false</value></property><property name="referenceline" display-name-key="ReferenceLine" description-key="Display a Reference line" of-type="Enum" usage="input" required="true" default-value="false"><value name="true" display-name-key="true" description-key="true">true</value><value name="false" display-name-key="false" description-key="false" default="true">false</value></property><property name="referencelinetype" display-name-key="ReferenceLineType" description-key="Type of the reference line" of-type="Enum" usage="input" required="true"><value name="mean" display-name-key="Mean" description-key="Mean" default="true">Mean</value><value name="avg" display-name-key="Average" description-key="Avg">Avg</value><value name="min" display-name-key="Min" description-key="Min">Min</value><value name="max" display-name-key="Max" description-key="Max">Max</value><value name="median" display-name-key="Median" description-key="Median">Median</value></property><resources><code path="bundle.js" order="1" /><css path="css/Sparkline.css" order="1" /></resources><built-by name="pac" version="1.0.6" /></control></manifest>